epoch,train_loss,val_loss,epoch_time_seconds
1,0.0,0.6986667315165201,32.81369090080261
2,0.0,0.6986667315165201,32.045758962631226
3,0.0,0.6986667315165201,31.513748168945312
4,0.0,0.6986667315165201,31.567336559295654
5,0.0,0.6986667315165201,31.786455392837524
6,0.0,0.6986667315165201,30.896277904510498
7,0.0,0.6986667315165201,31.6932373046875
8,0.0,0.6986667315165201,31.88026261329651
9,0.0,0.6986667315165201,31.317309617996216
10,0.0,0.6986667315165201,31.30613422393799
