epoch,train_loss,val_loss,epoch_time_seconds
1,0.0,0.7008561044931412,33.002970457077026
2,0.0,0.7008561044931412,30.859413623809814
