epoch,train_loss,val_loss,epoch_time_seconds
1,0.1750294161339601,0.08572224101849965,87.76032137870789
2,0.07088301181793213,0.07631646309580122,80.78049826622009
