epoch,train_loss,val_loss,epoch_time_seconds
1,0.0,0.6900479545195898,33.187087535858154
2,0.0,0.6900479545195898,31.460816860198975
