epoch,train_loss,val_loss,epoch_time_seconds
1,0.11542217966680433,0.07196028033892314,116.91393709182739
2,0.06120759760047875,0.06419667446364959,109.30982041358948
