epoch,train_loss,val_loss,epoch_time_seconds
1,0.3240540288388729,0.46037797927856444,18.585596561431885
2,0.09203024852004918,0.10585714876651764,16.844383001327515
