epoch,train_loss,val_loss,epoch_time_seconds
1,0.13886355345205562,0.07920261546969413,89.1456847190857
