epoch,train_loss,val_loss,epoch_time_seconds
1,0.13891382924481935,0.09950776522358258,116.59960722923279
2,0.06053336388340183,0.06264499854296446,111.54575109481812
