epoch,train_loss,val_loss,epoch_time_seconds
1,0.0,0.0,0.005941867828369141
2,0.0,0.0,0.0032303333282470703
